Campus,Curso,Periodo_dia,Horario,Semestre,Dia,Periodo_Aula,Tipo_Curso,Materia,Professor,Observacao,Semestre_Curso
MIRASOL,EAQ,MANHA,1,1,SEGUNDA,MATUTINO,MATUTINO,INTRODUCAOAAQUICULTURA,LAGREZE,,1_EAQ
MIRASOL,EAQ,MANHA,2,1,SEGUNDA,MATUTINO,MATUTINO,INTRODUCAOAAQUICULTURA,LAGREZE,,1_EAQ
MIRASOL,EAQ,MANHA,3,1,SEGUNDA,MATUTINO,MATUTINO,PROBABILIDADE,CENDON,,1_EAQ
MIRASOL,EAQ,MANHA,4,1,SEGUNDA,MATUTINO,MATUTINO,PROBABILIDADE,CENDON,,1_EAQ
MIRASOL,EAQ,MANHA,1,1,TERCA,MATUTINO,MATUTINO,INTRODUCAOAQUALIDADE,SACHSIDA,,1_EAQ
MIRASOL,EAQ,MANHA,2,1,TERCA,MATUTINO,MATUTINO,INTRODUCAOAQUALIDADE,SACHSIDA,,1_EAQ
MIRASOL,EAQ,MANHA,3,1,TERCA,MATUTINO,MATUTINO,GEOMETRIAANALITICA,LUCIANA,,1_EAQ
MIRASOL,EAQ,MANHA,4,1,TERCA,MATUTINO,MATUTINO,GEOMETRIAANALITICA,LUCIANA,,1_EAQ
MIRASOL,EAQ,MANHA,1,1,QUARTA,MATUTINO,MATUTINO,PROJETOSENGI,DANIELA,,1_EAQ
MIRASOL,EAQ,MANHA,2,1,QUARTA,MATUTINO,MATUTINO,PROJETOSENGI,DANIELA,,1_EAQ
MIRASOL,EAQ,MANHA,3,1,QUARTA,MATUTINO,MATUTINO,PROJETOSENGII,DANIELA,,1_EAQ
MIRASOL,EAQ,MANHA,4,1,QUARTA,MATUTINO,MATUTINO,PROJETOSENGII,DANIELA,,1_EAQ
MIRASOL,EAQ,MANHA,1,1,QUINTA,MATUTINO,MATUTINO,AQUICULTURAORNAMENTALEAQUARISM,FABIANO,,1_EAQ
MIRASOL,EAQ,MANHA,2,1,QUINTA,MATUTINO,MATUTINO,AQUICULTURAORNAMENTALEAQUARISM,FABIANO,,1_EAQ
MIRASOL,EAQ,MANHA,3,1,QUINTA,MATUTINO,MATUTINO,AQUICULTURAORNAMENTALEAQUARISM,FABIANO,,1_EAQ
MIRASOL,EAQ,MANHA,4,1,QUINTA,MATUTINO,MATUTINO,AQUICULTURAORNAMENTALEAQUARISM,FABIANO,,1_EAQ
MIRASOL,EAQ,MANHA,1,1,SEXTA,MATUTINO,MATUTINO,INTRODUCAOAEXTENSAO,BELZ,,1_EAQ
MIRASOL,EAQ,MANHA,2,1,SEXTA,MATUTINO,MATUTINO,INTRODUCAOAEXTENSAO,BELZ,,1_EAQ
MIRASOL,EAQ,MANHA,3,1,SEXTA,MATUTINO,MATUTINO,COMPUTACAOI,SELMA,,1_EAQ
MIRASOL,EAQ,MANHA,4,1,SEXTA,MATUTINO,MATUTINO,COMPUTACAOI,SELMA,,1_EAQ
MIRASOL,EAQ,MANHA,1,3,SEGUNDA,MATUTINO,MATUTINO,NUTRICAO,SACHSIDA,,3_EAQ
MIRASOL,EAQ,MANHA,2,3,SEGUNDA,MATUTINO,MATUTINO,NUTRICAO,SACHSIDA,,3_EAQ
MIRASOL,EAQ,MANHA,3,3,SEGUNDA,MATUTINO,MATUTINO,NUTRICAO,SACHSIDA,,3_EAQ
MIRASOL,EAQ,MANHA,4,3,SEGUNDA,MATUTINO,MATUTINO,NUTRICAO,SACHSIDA,,3_EAQ
MIRASOL,EAQ,MANHA,1,3,TERCA,MATUTINO,MATUTINO,ESTATISTICA,SANDRINI,,3_EAQ
MIRASOL,EAQ,MANHA,2,3,TERCA,MATUTINO,MATUTINO,ESTATISTICA,SANDRINI,,3_EAQ
MIRASOL,EAQ,MANHA,3,3,TERCA,MATUTINO,MATUTINO,GENETICA,RODOLFO,,3_EAQ
MIRASOL,EAQ,MANHA,4,3,TERCA,MATUTINO,MATUTINO,GENETICA,RODOLFO,,3_EAQ
MIRASOL,EAQ,MANHA,1,3,QUARTA,MATUTINO,MATUTINO,CALCULODIFERENCIAL,RAFAELLA,,3_EAQ
MIRASOL,EAQ,MANHA,2,3,QUARTA,MATUTINO,MATUTINO,CALCULODIFERENCIAL,RAFAELLA,,3_EAQ
MIRASOL,EAQ,MANHA,3,3,QUARTA,MATUTINO,MATUTINO,CALCULODIFERENCIAL,RAFAELLA,,3_EAQ
MIRASOL,EAQ,MANHA,4,3,QUARTA,MATUTINO,MATUTINO,CALCULODIFERENCIAL,RAFAELLA,,3_EAQ
MIRASOL,EAQ,MANHA,1,3,QUINTA,MATUTINO,MATUTINO,FISICAGERAL,VIRNEI,,3_EAQ
MIRASOL,EAQ,MANHA,2,3,QUINTA,MATUTINO,MATUTINO,FISICAGERAL,VIRNEI,,3_EAQ
MIRASOL,EAQ,MANHA,3,3,QUINTA,MATUTINO,MATUTINO,FISICAGERAL,VIRNEI,,3_EAQ
MIRASOL,EAQ,MANHA,4,3,QUINTA,MATUTINO,MATUTINO,FISICAGERAL,VIRNEI,,3_EAQ
MIRASOL,EAQ,MANHA,1,3,SEXTA,MATUTINO,MATUTINO,EXPRESSAOGRAFICA,FARIA,,3_EAQ
MIRASOL,EAQ,MANHA,2,3,SEXTA,MATUTINO,MATUTINO,EXPRESSAOGRAFICA,FARIA,,3_EAQ
MIRASOL,EAQ,MANHA,3,3,SEXTA,MATUTINO,MATUTINO,EXPRESSAOGRAFICA,FARIA,,3_EAQ
MIRASOL,EAQ,MANHA,4,3,SEXTA,MATUTINO,MATUTINO,EXPRESSAOGRAFICA,FARIA,,3_EAQ
MIRASOL,EAQ,MANHA,1,5,SEGUNDA,MATUTINO,MATUTINO,MICROBIOLOGIA,LUCIENE,,5_EAQ
MIRASOL,EAQ,MANHA,2,5,SEGUNDA,MATUTINO,MATUTINO,MICROBIOLOGIA,LUCIENE,,5_EAQ
MIRASOL,EAQ,MANHA,1,5,TERCA,MATUTINO,MATUTINO,TOPOGRAFIA,BERNARDINO,,5_EAQ
MIRASOL,EAQ,MANHA,2,5,TERCA,MATUTINO,MATUTINO,TOPOGRAFIA,BERNARDINO,,5_EAQ
MIRASOL,EAQ,MANHA,3,5,TERCA,MATUTINO,MATUTINO,TOPOGRAFIA,BERNARDINO,,5_EAQ
MIRASOL,EAQ,MANHA,4,5,TERCA,MATUTINO,MATUTINO,TOPOGRAFIA,BERNARDINO,,5_EAQ
MIRASOL,EAQ,MANHA,1,5,QUARTA,MATUTINO,MATUTINO,ALGICULTURA,MAFRA,,5_EAQ
MIRASOL,EAQ,MANHA,2,5,QUARTA,MATUTINO,MATUTINO,ALGICULTURA,MAFRA,,5_EAQ
MIRASOL,EAQ,MANHA,3,5,QUARTA,MATUTINO,MATUTINO,ALGICULTURA,MAFRA,,5_EAQ
MIRASOL,EAQ,MANHA,4,5,QUARTA,MATUTINO,MATUTINO,ALGICULTURA,MAFRA,,5_EAQ
MIRASOL,EAQ,MANHA,1,5,QUINTA,MATUTINO,MATUTINO,ELETRICIDADEPARAENGENHARIADEAQUICULTURA,JULIANA,,5_EAQ
MIRASOL,EAQ,MANHA,2,5,QUINTA,MATUTINO,MATUTINO,ELETRICIDADEPARAENGENHARIADEAQUICULTURA,JULIANA,,5_EAQ
MIRASOL,EAQ,MANHA,3,5,QUINTA,MATUTINO,MATUTINO,ELETRICIDADEPARAENGENHARIADEAQUICULTURA,JULIANA,,5_EAQ
MIRASOL,EAQ,MANHA,4,5,QUINTA,MATUTINO,MATUTINO,ELETRICIDADEPARAENGENHARIADEAQUICULTURA,JULIANA,,5_EAQ
MIRASOL,EAQ,MANHA,1,7,SEGUNDA,MATUTINO,MATUTINO,CARCINOCULTURA,UBIRATA,,7_EAQ
MIRASOL,EAQ,MANHA,2,7,SEGUNDA,MATUTINO,MATUTINO,CARCINOCULTURA,UBIRATA,,7_EAQ
MIRASOL,EAQ,MANHA,3,7,SEGUNDA,MATUTINO,MATUTINO,CARCINOCULTURA,UBIRATA,,7_EAQ
MIRASOL,EAQ,MANHA,4,7,SEGUNDA,MATUTINO,MATUTINO,CARCINOCULTURA,UBIRATA,,7_EAQ
MIRASOL,EAQ,MANHA,1,7,TERCA,MATUTINO,MATUTINO,CARTOGRAFIA,DIANA,,7_EAQ
MIRASOL,EAQ,MANHA,2,7,TERCA,MATUTINO,MATUTINO,CARTOGRAFIA,DIANA,,7_EAQ
MIRASOL,EAQ,MANHA,3,7,TERCA,MATUTINO,MATUTINO,CARTOGRAFIA,DIANA,,7_EAQ
MIRASOL,EAQ,MANHA,4,7,TERCA,MATUTINO,MATUTINO,CARTOGRAFIA,DIANA,,7_EAQ
MIRASOL,EAQ,MANHA,1,7,QUARTA,MATUTINO,MATUTINO,MALACOCULTURA,BELZ,,7_EAQ
MIRASOL,EAQ,MANHA,2,7,QUARTA,MATUTINO,MATUTINO,MALACOCULTURA,LAGREZE,,7_EAQ
MIRASOL,EAQ,MANHA,3,7,QUARTA,MATUTINO,MATUTINO,MALACOCULTURA,LAGREZE,,7_EAQ
MIRASOL,EAQ,MANHA,4,7,QUARTA,MATUTINO,MATUTINO,MALACOCULTURA,BELZ,,7_EAQ
MIRASOL,EAQ,MANHA,1,7,QUINTA,MATUTINO,MATUTINO,ECONOMIA,BELZ,,7_EAQ
MIRASOL,EAQ,MANHA,2,7,QUINTA,MATUTINO,MATUTINO,ECONOMIA,BELZ,,7_EAQ
MIRASOL,EAQ,MANHA,3,7,QUINTA,MATUTINO,MATUTINO,BIODIVERSIDADE,BELZ,,7_EAQ
MIRASOL,EAQ,MANHA,4,7,QUINTA,MATUTINO,MATUTINO,BIODIVERSIDADE,BELZ,,7_EAQ
MIRASOL,EAQ,MANHA,1,7,SEXTA,MATUTINO,MATUTINO,PSICULTURAI,FABIANO,,7_EAQ
MIRASOL,EAQ,MANHA,2,7,SEXTA,MATUTINO,MATUTINO,PSICULTURAI,FABIANO,,7_EAQ
MIRASOL,EAQ,MANHA,3,7,SEXTA,MATUTINO,MATUTINO,PSICULTURAI,FABIANO,,7_EAQ
MIRASOL,EAQ,MANHA,4,7,SEXTA,MATUTINO,MATUTINO,PSICULTURAI,FABIANO,,7_EAQ
MIRASOL,EAQ,MANHA,3,9,SEGUNDA,MATUTINO,MATUTINO,ELABORACAODEPROJETOS,LAGREZE,,9_EAQ
MIRASOL,EAQ,MANHA,4,9,SEGUNDA,MATUTINO,MATUTINO,ELABORACAODEPROJETOS,LAGREZE,,9_EAQ
MIRASOL,EAQ,MANHA,1,9,TERCA,MATUTINO,MATUTINO,TECNOLOGIADOPESCADO,LUCIENE,,9_EAQ
MIRASOL,EAQ,MANHA,2,9,TERCA,MATUTINO,MATUTINO,TECNOLOGIADOPESCADO,LUCIENE,,9_EAQ
MIRASOL,EAQ,MANHA,3,9,TERCA,MATUTINO,MATUTINO,TECNOLOGIADOPESCADO,LUCIENE,,9_EAQ
MIRASOL,EAQ,MANHA,4,9,TERCA,MATUTINO,MATUTINO,TECNOLOGIADOPESCADO,LUCIENE,,9_EAQ
MIRASOL,EAQ,MANHA,1,9,QUARTA,MATUTINO,MATUTINO,CARCINOCULTURAII,UBIRATA,,9_EAQ
MIRASOL,EAQ,MANHA,2,9,QUARTA,MATUTINO,MATUTINO,CARCINOCULTURAII,UBIRATA,,9_EAQ
MIRASOL,EAQ,MANHA,3,9,QUARTA,MATUTINO,MATUTINO,ORGANIZACAOEGESTAO,THIAGO,,9_EAQ
MIRASOL,EAQ,MANHA,4,9,QUARTA,MATUTINO,MATUTINO,ORGANIZACAOEGESTAO,THIAGO,,9_EAQ
MIRASOL,EAQ,MANHA,1,9,QUINTA,MATUTINO,MATUTINO,HIDRAULICAAQUICULTURA,LAGREZE,,9_EAQ
MIRASOL,EAQ,MANHA,2,9,QUINTA,MATUTINO,MATUTINO,HIDRAULICAAQUICULTURA,LAGREZE,,9_EAQ
MIRASOL,EAQ,MANHA,3,9,QUINTA,MATUTINO,MATUTINO,HIDRAULICAAQUICULTURA,LAGREZE,,9_EAQ
MIRASOL,EAQ,MANHA,4,9,QUINTA,MATUTINO,MATUTINO,HIDRAULICAAQUICULTURA,LAGREZE,,9_EAQ
MIRASOL,EAQ,MANHA,3,9,SEXTA,MATUTINO,MATUTINO,AVALIACAODOIMPACTO,BELZ,,9_EAQ
MIRASOL,EAQ,MANHA,4,9,SEXTA,MATUTINO,MATUTINO,AVALIACAODOIMPACTO,BELZ,,9_EAQ
PONTAL,EAS,TARDE,1,1,SEGUNDA,VESPERTINO,VESPERTINO,INTRODUCAOAEXTENSAO,LILIAN,,1_EAS
PONTAL,EAS,TARDE,2,1,SEGUNDA,VESPERTINO,VESPERTINO,INTRODUCAOAEXTENSAO,LILIAN,,1_EAS
PONTAL,EAS,TARDE,3,1,SEGUNDA,VESPERTINO,VESPERTINO,INTRODUCAOAENGENHARIAAMBIENTAL,ARMANI,,1_EAS
PONTAL,EAS,TARDE,4,1,SEGUNDA,VESPERTINO,VESPERTINO,INTRODUCAOAENGENHARIAAMBIENTAL,ARMANI,,1_EAS
PONTAL,EAS,TARDE,5,1,SEGUNDA,VESPERTINO,VESPERTINO,INTRODUCAOAENGENHARIAAMBIENTAL,ARMANI,,1_EAS
MIRASOL,EAS,TARDE,1,1,TERCA,VESPERTINO,VESPERTINO,GEOMETRIAANALITICA,BACALHAU,,1_EAS
MIRASOL,EAS,TARDE,2,1,TERCA,VESPERTINO,VESPERTINO,GEOMETRIAANALITICA,BACALHAU,,1_EAS
MIRASOL,EAS,TARDE,3,1,TERCA,VESPERTINO,VESPERTINO,GEOMETRIAANALITICA,BACALHAU,,1_EAS
MIRASOL,EAS,TARDE,4,1,TERCA,VESPERTINO,VESPERTINO,INTRODUCAOAENGENHARIAAMBIENTAL,ARMANI,,1_EAS
PONTAL,EAS,TARDE,1,1,QUARTA,VESPERTINO,VESPERTINO,EXPRESSAOGRAFICA,CINTIA,,1_EAS
PONTAL,EAS,TARDE,2,1,QUARTA,VESPERTINO,VESPERTINO,EXPRESSAOGRAFICA,CINTIA,,1_EAS
PONTAL,EAS,TARDE,3,1,QUARTA,VESPERTINO,VESPERTINO,EXPRESSAOGRAFICA,CINTIA,,1_EAS
PONTAL,EAS,TARDE,4,1,QUARTA,VESPERTINO,VESPERTINO,EXPRESSAOGRAFICA,CINTIA,,1_EAS
PONTAL,EAS,TARDE,1,1,QUINTA,VESPERTINO,VESPERTINO,COMPUTACAOILABINFOR,ROGERIO,,1_EAS
PONTAL,EAS,TARDE,2,1,QUINTA,VESPERTINO,VESPERTINO,COMPUTACAOILABINFOR,ROGERIO,,1_EAS
PONTAL,EAS,TARDE,3,1,QUINTA,VESPERTINO,VESPERTINO,SOCIOLOGIA,MANUELA,,1_EAS
PONTAL,EAS,TARDE,4,1,QUINTA,VESPERTINO,VESPERTINO,SOCIOLOGIA,MANUELA,,1_EAS
PONTAL,EAS,TARDE,5,1,QUINTA,VESPERTINO,VESPERTINO,SOCIOLOGIA,MANUELA,,1_EAS
PONTAL,EAS,TARDE,1,1,SEXTA,VESPERTINO,VESPERTINO,CALCULODIFERENCIALEINTEGRALI,ALEX,,1_EAS
PONTAL,EAS,TARDE,2,1,SEXTA,VESPERTINO,VESPERTINO,CALCULODIFERENCIALEINTEGRALI,ALEX,,1_EAS
PONTAL,EAS,TARDE,3,1,SEXTA,VESPERTINO,VESPERTINO,CALCULODIFERENCIALEINTEGRALI,ALEX,,1_EAS
PONTAL,EAS,TARDE,4,1,SEXTA,VESPERTINO,VESPERTINO,CALCULODIFERENCIALEINTEGRALI,ALEX,,1_EAS
PONTAL,EAS,TARDE,1,3,SEGUNDA,VESPERTINO,VESPERTINO,PROBABILIDADEEESTATISTICA,HENRIQUE,,3_EAS
PONTAL,EAS,TARDE,2,3,SEGUNDA,VESPERTINO,VESPERTINO,PROBABILIDADEEESTATISTICA,HENRIQUE,,3_EAS
PONTAL,EAS,TARDE,3,3,SEGUNDA,VESPERTINO,VESPERTINO,ECONOMIA,MANUELA,,3_EAS
PONTAL,EAS,TARDE,4,3,SEGUNDA,VESPERTINO,VESPERTINO,ECONOMIA,MANUELA,,3_EAS
PONTAL,EAS,TARDE,1,3,TERCA,VESPERTINO,VESPERTINO,CALCULODIFERENCIALEINTEGRALIII,FARIA,,3_EAS
PONTAL,EAS,TARDE,2,3,TERCA,VESPERTINO,VESPERTINO,CALCULODIFERENCIALEINTEGRALIII,FARIA,,3_EAS
PONTAL,EAS,TARDE,3,3,TERCA,VESPERTINO,VESPERTINO,TOPOGRAFIAI,BERNARDINO,,3_EAS
PONTAL,EAS,TARDE,4,3,TERCA,VESPERTINO,VESPERTINO,TOPOGRAFIAI,BERNARDINO,,3_EAS
MIRASOL,EAS,TARDE,1,3,QUARTA,VESPERTINO,VESPERTINO,FISICAII,VIRNEI,,3_EAS
MIRASOL,EAS,TARDE,2,3,QUARTA,VESPERTINO,VESPERTINO,FISICAII,VIRNEI,,3_EAS
MIRASOL,EAS,TARDE,3,3,QUARTA,VESPERTINO,VESPERTINO,FISICAII,VIRNEI,,3_EAS
MIRASOL,EAS,TARDE,4,3,QUARTA,VESPERTINO,VESPERTINO,FISICAEXPERIMENTALII,EMIR,,3_EAS
MIRASOL,EAS,TARDE,5,3,QUARTA,VESPERTINO,VESPERTINO,FISICAEXPERIMENTALII,EMIR,,3_EAS
PONTAL,EAS,TARDE,1,3,QUINTA,VESPERTINO,VESPERTINO,QUIMICAI,HARUMI,,3_EAS
PONTAL,EAS,TARDE,2,3,QUINTA,VESPERTINO,VESPERTINO,QUIMICAI,HARUMI,,3_EAS
PONTAL,EAS,TARDE,3,3,QUINTA,VESPERTINO,VESPERTINO,QUIMICAI,HARUMI,,3_EAS
PONTAL,EAS,TARDE,4,3,QUINTA,VESPERTINO,VESPERTINO,QUIMICAI,HARUMI,,3_EAS
MIRASOL,EAS,TARDE,1,3,SEXTA,VESPERTINO,VESPERTINO,CALCULODIFERENCIALEINTEGRALIII,FARIA,,3_EAS
MIRASOL,EAS,TARDE,2,3,SEXTA,VESPERTINO,VESPERTINO,CALCULODIFERENCIALEINTEGRALIII,FARIA,,3_EAS
MIRASOL,EAS,TARDE,3,3,SEXTA,VESPERTINO,VESPERTINO,PLANEJAMENTOURBANOEREGIONAL,SIMONE,,3_EAS
MIRASOL,EAS,TARDE,4,3,SEXTA,VESPERTINO,VESPERTINO,PLANEJAMENTOURBANOEREGIONAL,SIMONE,,3_EAS
MIRASOL,EAS,TARDE,1,5,SEGUNDA,VESPERTINO,VESPERTINO,QUIMICAANALITICAAMBIENTAL,PEDRO,MIRASOLPONTAL,5_EAS
MIRASOL,EAS,TARDE,2,5,SEGUNDA,VESPERTINO,VESPERTINO,QUIMICAANALITICAAMBIENTAL,PEDRO,MIRASOLPONTAL,5_EAS
MIRASOL,EAS,TARDE,3,5,SEGUNDA,VESPERTINO,VESPERTINO,QUIMICAANALITICAAMBIENTAL,PEDRO,MIRASOLPONTAL,5_EAS
MIRASOL,EAS,TARDE,4,5,SEGUNDA,VESPERTINO,VESPERTINO,QUIMICAANALITICAAMBIENTAL,PEDRO,MIRASOLPONTAL,5_EAS
MIRASOL,EAS,TARDE,1,5,TERCA,VESPERTINO,VESPERTINO,FENOMENOSDETRANSPORTE,ROBERTA,MIRASOLPONTAL,5_EAS
MIRASOL,EAS,TARDE,2,5,TERCA,VESPERTINO,VESPERTINO,FENOMENOSDETRANSPORTE,ROBERTA,MIRASOLPONTAL,5_EAS
MIRASOL,EAS,TARDE,3,5,TERCA,VESPERTINO,VESPERTINO,FENOMENOSDETRANSPORTE,ROBERTA,MIRASOLPONTAL,5_EAS
MIRASOL,EAS,TARDE,4,5,TERCA,VESPERTINO,VESPERTINO,FENOMENOSDETRANSPORTE,ROBERTA,MIRASOLPONTAL,5_EAS
MIRASOL,EAS,TARDE,5,5,TERCA,VESPERTINO,VESPERTINO,FENOMENOSDETRANSPORTE,ROBERTA,MIRASOLPONTAL,5_EAS
MIRASOL,EAS,TARDE,1,5,QUARTA,VESPERTINO,VESPERTINO,ELETRICIDADEAPLICADAAENGENHARIA,JULIANA,SALA 4 SALA QUE TEM COMPUTADORES,5_EAS
MIRASOL,EAS,TARDE,2,5,QUARTA,VESPERTINO,VESPERTINO,ELETRICIDADEAPLICADAAENGENHARIA,JULIANA,SALA 4,5_EAS
MIRASOL,EAS,TARDE,3,5,QUARTA,VESPERTINO,VESPERTINO,CALCULONUMERICO,ROGERIO,SALA 4,5_EAS
MIRASOL,EAS,TARDE,4,5,QUARTA,VESPERTINO,VESPERTINO,CALCULONUMERICO,ROGERIO,SALA 4,5_EAS
PONTAL,EAS,TARDE,1,5,QUINTA,VESPERTINO,VESPERTINO,ESTATISTICAEXPERIMENTAL,SANDRINI,,5_EAS
PONTAL,EAS,TARDE,2,5,QUINTA,VESPERTINO,VESPERTINO,ESTATISTICAEXPERIMENTAL,SANDRINI,,5_EAS
PONTAL,EAS,TARDE,3,5,QUINTA,VESPERTINO,VESPERTINO,CALCULONUMERICOLABINFOR,ROGERIO,,5_EAS
PONTAL,EAS,TARDE,4,5,QUINTA,VESPERTINO,VESPERTINO,CALCULONUMERICOLABINFOR,ROGERIO,,5_EAS
MIRASOL,EAS,TARDE,1,5,SEXTA,INTEGRAL TN,VESPERTINO,ECOLOGIAAPLICADAAENGENHARIA,CESAR SILVA,,5_EAS
MIRASOL,EAS,TARDE,2,5,SEXTA,INTEGRAL TN,VESPERTINO,ECOLOGIAAPLICADAAENGENHARIA,CESAR SILVA,,5_EAS
MIRASOL,EAS,TARDE,3,5,SEXTA,INTEGRAL TN,VESPERTINO,ECOLOGIAAPLICADAAENGENHARIA,CESAR SILVA,,5_EAS
MIRASOL,EAS,TARDE,4,5,SEXTA,INTEGRAL TN,VESPERTINO,ECOLOGIAAPLICADAAENGENHARIA,CESAR SILVA,,5_EAS
MIRASOL,EAS,TARDE,5,5,SEXTA,INTEGRAL TN,VESPERTINO,ECOLOGIAAPLICADAAENGENHARIA,CESAR SILVA,,5_EAS
MIRASOL,EAS,NOITE,2,5,SEXTA,INTEGRAL TN,VESPERTINO,ECOLOGIAAPLICADAAENGENHARIA,CESAR SILVA,,5_EAS
PONTAL,EAS,TARDE,1,9,SEGUNDA,VESPERTINO,VESPERTINO,TRATAMENTODEAGUASRESIDUARIASII,SILVIA,,9_EAS
PONTAL,EAS,TARDE,2,9,SEGUNDA,VESPERTINO,VESPERTINO,TRATAMENTODEAGUASRESIDUARIASII,SILVIA,,9_EAS
PONTAL,EAS,TARDE,3,9,SEGUNDA,VESPERTINO,VESPERTINO,TRATAMENTODEAGUASRESIDUARIASII,SILVIA,,9_EAS
PONTAL,EAS,TARDE,4,9,SEGUNDA,VESPERTINO,VESPERTINO,TRATAMENTODEAGUASRESIDUARIASII,SILVIA,,9_EAS
PONTAL,EAS,TARDE,1,9,TERCA,VESPERTINO,VESPERTINO,DRENAGEMURBANA,CAMILA,,9_EAS
PONTAL,EAS,TARDE,2,9,TERCA,VESPERTINO,VESPERTINO,DRENAGEMURBANA,CAMILA,,9_EAS
PONTAL,EAS,TARDE,3,9,TERCA,VESPERTINO,VESPERTINO,DRENAGEMURBANA,CAMILA,,9_EAS
PONTAL,EAS,TARDE,4,9,TERCA,VESPERTINO,VESPERTINO,DRENAGEMURBANA,CAMILA,,9_EAS
PONTAL,EAS,TARDE,5,9,TERCA,VESPERTINO,VESPERTINO,DRENAGEMURBANA,CAMILA,,9_EAS
PONTAL,EAS,TARDE,1,9,QUARTA,VESPERTINO,VESPERTINO,TRATAMENTODEAGUA,CAMILA,,9_EAS
PONTAL,EAS,TARDE,2,9,QUARTA,VESPERTINO,VESPERTINO,TRATAMENTODEAGUA,CAMILA,,9_EAS
PONTAL,EAS,TARDE,3,9,QUARTA,VESPERTINO,VESPERTINO,TRATAMENTODEAGUA,CAMILA,,9_EAS
PONTAL,EAS,TARDE,4,9,QUARTA,VESPERTINO,VESPERTINO,TRATAMENTODEAGUA,CAMILA,,9_EAS
PONTAL,EAS,TARDE,5,9,QUARTA,VESPERTINO,VESPERTINO,TRATAMENTODEAGUA,CAMILA,,9_EAS
MIRASOL,EAS,TARDE,1,9,QUINTA,INTEGRAL TN,VESPERTINO,GESTAOAMBIENTALEGERENCIAMENTO,CESAR SILVA,,9_EAS
MIRASOL,EAS,TARDE,2,9,QUINTA,INTEGRAL TN,VESPERTINO,GESTAOAMBIENTALEGERENCIAMENTO,CESAR SILVA,,9_EAS
MIRASOL,EAS,TARDE,3,9,QUINTA,INTEGRAL TN,VESPERTINO,GESTAOAMBIENTALEGERENCIAMENTO,CESAR SILVA,,9_EAS
MIRASOL,EAS,TARDE,4,9,QUINTA,INTEGRAL TN,VESPERTINO,GESTAOAMBIENTALEGERENCIAMENTO,CESAR SILVA,,9_EAS
MIRASOL,EAS,TARDE,5,9,QUINTA,INTEGRAL TN,VESPERTINO,GESTAOAMBIENTALEGERENCIAMENTO,CESAR SILVA,,9_EAS
MIRASOL,EAS,NOITE,2,9,QUINTA,INTEGRAL TN,VESPERTINO,GESTAOAMBIENTALEGERENCIAMENTO,CESAR SILVA,,9_EAS
PONTAL,EAS,TARDE,1,7,SEGUNDA,VESPERTINO,VESPERTINO,BIOQUIMICA,RODOLFO,PONTALMIRASOL,7_EAS
PONTAL,EAS,TARDE,2,7,SEGUNDA,VESPERTINO,VESPERTINO,BIOQUIMICA,RODOLFO,PONTALMIRASOL,7_EAS
PONTAL,EAS,TARDE,3,7,SEGUNDA,VESPERTINO,VESPERTINO,BIOQUIMICA,SACHSIDA,PONTALMIRASOL,7_EAS
PONTAL,EAS,TARDE,4,7,SEGUNDA,VESPERTINO,VESPERTINO,BIOQUIMICA,SACHSIDA,PONTALMIRASOL,7_EAS
PONTAL,EAS,TARDE,1,7,TERCA,VESPERTINO,VESPERTINO,QUALIDADEDAAGU,SILVIA,,7_EAS
PONTAL,EAS,TARDE,2,7,TERCA,VESPERTINO,VESPERTINO,QUALIDADEDAAGU,SILVIA,,7_EAS
PONTAL,EAS,TARDE,3,7,TERCA,VESPERTINO,VESPERTINO,QUALIDADEDAAGU,SILVIA,,7_EAS
PONTAL,EAS,TARDE,4,7,TERCA,VESPERTINO,VESPERTINO,QUALIDADEDAAGU,SILVIA,,7_EAS
MIRASOL,EAS,TARDE,1,7,QUARTA,VESPERTINO,VESPERTINO,RECUPERACAODEAREASDEGRADADAS,SIMONE,,7_EAS
MIRASOL,EAS,TARDE,2,7,QUARTA,VESPERTINO,VESPERTINO,RECUPERACAODEAREASDEGRADADAS,SIMONE,,7_EAS
MIRASOL,EAS,TARDE,3,7,QUARTA,VESPERTINO,VESPERTINO,GEOTECNIAAMBIENTAL,ELISANGELA,,7_EAS
MIRASOL,EAS,TARDE,4,7,QUARTA,VESPERTINO,VESPERTINO,GEOTECNIAAMBIENTAL,ELISANGELA,,7_EAS
MIRASOL,EAS,TARDE,5,7,QUARTA,VESPERTINO,VESPERTINO,GEOTECNIAAMBIENTAL,ELISANGELA,,7_EAS
MIRASOL,EAS,TARDE,1,7,QUINTA,VESPERTINO,VESPERTINO,GEOPROCESSAMENTO,MAURICIO,SALA 4,7_EAS
MIRASOL,EAS,TARDE,2,7,SEXTA,VESPERTINO,VESPERTINO,GEOPROCESSAMENTO,MAURICIO,SALA 4,7_EAS
MIRASOL,EAS,TARDE,3,7,SEXTA,VESPERTINO,VESPERTINO,POLUICAODOSAMBIENTESCOSTEIROS,SIMONE,SALA 4,7_EAS
MIRASOL,EAS,TARDE,4,7,SEXTA,VESPERTINO,VESPERTINO,POLUICAODOSAMBIENTESCOSTEIROS,SIMONE,SALA 4,7_EAS
MIRASOL,EAS,TARDE,1,7,SEXTA,VESPERTINO,VESPERTINO,POLUICAODOAR,ARMANI,,7_EAS
MIRASOL,EAS,TARDE,2,7,SEXTA,VESPERTINO,VESPERTINO,POLUICAODOAR,ARMANI,,7_EAS
MIRASOL,EAS,TARDE,3,7,SEXTA,VESPERTINO,VESPERTINO,POLUICAODOAR,ARMANI,,7_EAS
MIRASOL,EAS,TARDE,4,7,SEXTA,VESPERTINO,VESPERTINO,RECUPERACAODEAREASDEGRADADAS,SIMONE,,7_EAS
MIRASOL,EAS,TARDE,5,7,SEXTA,VESPERTINO,VESPERTINO,RECUPERACAODEAREASDEGRADADAS,SIMONE,,7_EAS
PONTAL,ECV,TARDE,1,1,SEGUNDA,VESPERTINO,VESPERTINO,METODOLOGIACIENTIFICAETECNOLOGICA,DANIELA,,1_ECV
PONTAL,ECV,TARDE,2,1,SEGUNDA,VESPERTINO,VESPERTINO,QUIMICAI,HARUMI,,1_ECV
PONTAL,ECV,TARDE,3,1,SEGUNDA,VESPERTINO,VESPERTINO,QUIMICAI,HARUMI,,1_ECV
PONTAL,ECV,TARDE,4,1,SEGUNDA,VESPERTINO,VESPERTINO,QUIMICAI,HARUMI,,1_ECV
PONTAL,ECV,TARDE,5,1,SEGUNDA,VESPERTINO,VESPERTINO,QUIMICAI,HARUMI,,1_ECV
MIRASOL,ECV,TARDE,1,1,TERCA,VESPERTINO,VESPERTINO,CALCULOI,ALEX,,1_ECV
MIRASOL,ECV,TARDE,2,1,TERCA,VESPERTINO,VESPERTINO,CALCULOI,ALEX,,1_ECV
MIRASOL,ECV,TARDE,3,1,TERCA,VESPERTINO,VESPERTINO,CALCULOI,ALEX,,1_ECV
MIRASOL,ECV,TARDE,4,1,TERCA,VESPERTINO,VESPERTINO,CALCULOI,ALEX,,1_ECV
MIRASOL,ECV,TARDE,5,1,TERCA,VESPERTINO,VESPERTINO,METODOLOGIACIENTIFICAETECNOLOGICA,DANIELA,,1_ECV
PONTAL,ECV,TARDE,1,1,QUARTA,VESPERTINO,VESPERTINO,INTRODUCAOAENGENHARIACIVIL,DANIELA,,1_ECV
PONTAL,ECV,TARDE,2,1,QUARTA,VESPERTINO,VESPERTINO,INTRODUCAOAENGENHARIACIVIL,DANIELA,,1_ECV
PONTAL,ECV,TARDE,3,1,QUARTA,VESPERTINO,VESPERTINO,GEOMETRIAANALITICA,LUCIANA,,1_ECV
PONTAL,ECV,TARDE,4,1,QUARTA,VESPERTINO,VESPERTINO,GEOMETRIAANALITICA,LUCIANA,,1_ECV
PONTAL,ECV,TARDE,5,1,QUARTA,VESPERTINO,VESPERTINO,GEOMETRIAANALITICA,LUCIANA,,1_ECV
PONTAL,ECV,TARDE,1,1,QUINTA,VESPERTINO,VESPERTINO,FUNDAMENTOSDAEXTENSAO,LILIAN,,1_ECV
PONTAL,ECV,TARDE,2,1,QUINTA,VESPERTINO,VESPERTINO,EXPRESSAOGRAFICA,CINTIA,,1_ECV
PONTAL,ECV,TARDE,3,1,QUINTA,VESPERTINO,VESPERTINO,EXPRESSAOGRAFICA,CINTIA,,1_ECV
PONTAL,ECV,TARDE,4,1,QUINTA,VESPERTINO,VESPERTINO,EXPRESSAOGRAFICA,CINTIA,,1_ECV
PONTAL,ECV,TARDE,5,1,QUINTA,VESPERTINO,VESPERTINO,EXPRESSAOGRAFICA,CINTIA,,1_ECV
PONTAL,ECV,TARDE,1,1,SEXTA,VESPERTINO,VESPERTINO,COMPUTACAOI,SELMA,,1_ECV
PONTAL,ECV,TARDE,2,1,SEXTA,VESPERTINO,VESPERTINO,COMPUTACAOI,SELMA,,1_ECV
PONTAL,ECV,TARDE,3,1,SEXTA,VESPERTINO,VESPERTINO,FUNDAMENTOSDAEXTENSAO,LILIAN,,1_ECV
PONTAL,ECV,TARDE,4,1,SEXTA,VESPERTINO,VESPERTINO,ECONOMIA,MANUELA,,1_ECV
PONTAL,ECV,TARDE,5,1,SEXTA,VESPERTINO,VESPERTINO,ECONOMIA,MANUELA,,1_ECV
PONTAL,ECV,TARDE,1,3,SEGUNDA,VESPERTINO,VESPERTINO,INTRODUCAOAGESTAODOTRABALHO,ELIANE,,3_ECV
PONTAL,ECV,TARDE,2,3,SEGUNDA,VESPERTINO,VESPERTINO,INTRODUCAOAGESTAODOTRABALHO,ELIANE,,3_ECV
PONTAL,ECV,TARDE,3,3,SEGUNDA,VESPERTINO,VESPERTINO,TOPOGRAFIAI,BERNARDINO,,3_ECV
PONTAL,ECV,TARDE,4,3,SEGUNDA,VESPERTINO,VESPERTINO,TOPOGRAFIAI,BERNARDINO,,3_ECV
PONTAL,ECV,TARDE,5,3,SEGUNDA,VESPERTINO,VESPERTINO,MECANICAGERAL,HENRIQUE,,3_ECV
MIRASOL,ECV,TARDE,1,3,TERCA,VESPERTINO,VESPERTINO,MECANICAGERAL,HENRIQUE,,3_ECV
MIRASOL,ECV,TARDE,2,3,TERCA,VESPERTINO,VESPERTINO,MECANICAGERAL,HENRIQUE,,3_ECV
MIRASOL,ECV,TARDE,3,3,TERCA,VESPERTINO,VESPERTINO,MECANICAGERAL,HENRIQUE,,3_ECV
MIRASOL,ECV,TARDE,4,3,TERCA,VESPERTINO,VESPERTINO,ESTATISTICAEXPERIMENTAL,SANDRINI,,3_ECV
MIRASOL,ECV,TARDE,5,3,TERCA,VESPERTINO,VESPERTINO,ESTATISTICAEXPERIMENTAL,SANDRINI,,3_ECV
MIRASOL,ECV,TARDE,1,3,QUARTA,VESPERTINO,VESPERTINO,FISICAII,CASSIO,,3_ECV
MIRASOL,ECV,TARDE,2,3,QUARTA,VESPERTINO,VESPERTINO,CALCULODIFERENCIALEINTEGRALIII,RAFAELLA,,3_ECV
MIRASOL,ECV,TARDE,3,3,QUARTA,VESPERTINO,VESPERTINO,CALCULODIFERENCIALEINTEGRALIII,RAFAELLA,,3_ECV
MIRASOL,ECV,TARDE,4,3,QUARTA,VESPERTINO,VESPERTINO,CIENCIASDOSMAT,SILVIA,,3_ECV
MIRASOL,ECV,TARDE,5,3,QUARTA,VESPERTINO,VESPERTINO,CIENCIASDOSMAT,SILVIA,,3_ECV
MIRASOL,ECV,TARDE,1,3,QUINTA,VESPERTINO,VESPERTINO,FISICAII,CASSIO,,3_ECV
MIRASOL,ECV,TARDE,2,3,QUINTA,VESPERTINO,VESPERTINO,FISICAII,CASSIO,,3_ECV
MIRASOL,ECV,TARDE,3,3,QUINTA,VESPERTINO,VESPERTINO,FISICAII,CASSIO,,3_ECV
MIRASOL,ECV,TARDE,4,3,QUINTA,VESPERTINO,VESPERTINO,FISICAEXPERIMENTALII,CASSIO,,3_ECV
MIRASOL,ECV,TARDE,5,3,QUINTA,VESPERTINO,VESPERTINO,FISICAEXPERIMENTALII,CASSIO,,3_ECV
MIRASOL,ECV,TARDE,1,3,SEXTA,VESPERTINO,VESPERTINO,CALCULODIFERENCIALEINTEGRALIII,RAFAELLA,,3_ECV
MIRASOL,ECV,TARDE,2,3,SEXTA,VESPERTINO,VESPERTINO,CALCULODIFERENCIALEINTEGRALIII,RAFAELLA,,3_ECV
MIRASOL,ECV,TARDE,3,3,SEXTA,VESPERTINO,VESPERTINO,PROJENGENHARIA,ELIZABETE,,3_ECV
MIRASOL,ECV,TARDE,4,3,SEXTA,VESPERTINO,VESPERTINO,PROJENGENHARIA,ELIZABETE,,3_ECV
MIRASOL,ECV,TARDE,5,3,SEXTA,VESPERTINO,VESPERTINO,PROJENGENHARIA,ELIZABETE,,3_ECV
PONTAL,ECV,TARDE,1,5,SEGUNDA,VESPERTINO,VESPERTINO,FENOMENOSDETRANSPORTE,ROBERTA,,5_ECV
PONTAL,ECV,TARDE,2,5,SEGUNDA,VESPERTINO,VESPERTINO,FENOMENOSDETRANSPORTE,ROBERTA,,5_ECV
PONTAL,ECV,TARDE,3,5,SEGUNDA,VESPERTINO,VESPERTINO,FENOMENOSDETRANSPORTE,ROBERTA,,5_ECV
PONTAL,ECV,TARDE,4,5,SEGUNDA,VESPERTINO,VESPERTINO,FENOMENOSDETRANSPORTE,ROBERTA,,5_ECV
PONTAL,ECV,TARDE,5,5,SEGUNDA,VESPERTINO,VESPERTINO,FENOMENOSDETRANSPORTE,ROBERTA,,5_ECV
PONTAL,ECV,TARDE,1,5,TERCA,VESPERTINO,VESPERTINO,RESISTENCIADOSMATERIAISI,ROSSIGALI,,5_ECV
PONTAL,ECV,TARDE,2,5,TERCA,VESPERTINO,VESPERTINO,RESISTENCIADOSMATERIAISI,ROSSIGALI,,5_ECV
PONTAL,ECV,TARDE,3,5,TERCA,VESPERTINO,VESPERTINO,CONSTRUCAOCIVILII,DANIELA,,5_ECV
PONTAL,ECV,TARDE,4,5,TERCA,VESPERTINO,VESPERTINO,CONSTRUCAOCIVILII,DANIELA,,5_ECV
PONTAL,ECV,TARDE,5,5,TERCA,VESPERTINO,VESPERTINO,CALCULONUMERICO,ROGERIO,,5_ECV
MIRASOL,ECV,TARDE,1,5,QUARTA,VESPERTINO,VESPERTINO,MECANICADOSSOLOS,ELISANGELA,,5_ECV
MIRASOL,ECV,TARDE,2,5,QUARTA,VESPERTINO,VESPERTINO,MECANICADOSSOLOS,ELISANGELA,,5_ECV
MIRASOL,ECV,TARDE,3,5,QUARTA,VESPERTINO,VESPERTINO,ELETRICIDADEPARAENGENHARIACIVIL,JULIANA,,5_ECV
MIRASOL,ECV,TARDE,4,5,QUARTA,VESPERTINO,VESPERTINO,ELETRICIDADEPARAENGENHARIACIVIL,JULIANA,,5_ECV
MIRASOL,ECV,TARDE,5,5,QUARTA,VESPERTINO,VESPERTINO,ELETRICIDADEPARAENGENHARIACIVIL,JULIANA,,5_ECV
MIRASOL,ECV,TARDE,1,5,QUINTA,VESPERTINO,VESPERTINO,RESISTENCIADOSMATERIAISI,ROSSIGALI,,5_ECV
MIRASOL,ECV,TARDE,2,5,QUINTA,VESPERTINO,VESPERTINO,RESISTENCIADOSMATERIAISI,ROSSIGALI,,5_ECV
MIRASOL,ECV,TARDE,3,5,QUINTA,VESPERTINO,VESPERTINO,MATERIAISDECONSTRUCAOCIVILII,ELIZABETE,,5_ECV
MIRASOL,ECV,TARDE,4,5,QUINTA,VESPERTINO,VESPERTINO,MATERIAISDECONSTRUCAOCIVILII,ELIZABETE,,5_ECV
MIRASOL,ECV,TARDE,5,5,QUINTA,VESPERTINO,VESPERTINO,MATERIAISDECONSTRUCAOCIVILII,ELIZABETE,,5_ECV
MIRASOL,ECV,TARDE,1,5,SEXTA,VESPERTINO,VESPERTINO,MECANICADOSSOLOS,ELISANGELA,,5_ECV
MIRASOL,ECV,TARDE,2,5,SEXTA,VESPERTINO,VESPERTINO,MECANICADOSSOLOS,ELISANGELA,,5_ECV
MIRASOL,ECV,TARDE,3,5,SEXTA,VESPERTINO,VESPERTINO,CALCULONUMERICO,ROGERIO,,5_ECV
MIRASOL,ECV,TARDE,4,5,SEXTA,VESPERTINO,VESPERTINO,CALCULONUMERICO,ROGERIO,,5_ECV
MIRASOL,ECV,TARDE,5,5,SEXTA,VESPERTINO,VESPERTINO,CALCULONUMERICO,ROGERIO,,5_ECV
PONTAL,ECV,TARDE,2,7,SEGUNDA,VESPERTINO,VESPERTINO,TRANSPORTEDESEDIMENTOS,KIRINUS,,7_ECV
PONTAL,ECV,TARDE,3,7,SEGUNDA,VESPERTINO,VESPERTINO,TRANSPORTEDESEDIMENTOS,KIRINUS,,7_ECV
PONTAL,ECV,TARDE,4,7,SEGUNDA,VESPERTINO,VESPERTINO,TRANSPORTEDESEDIMENTOS,KIRINUS,,7_ECV
PONTAL,ECV,TARDE,5,7,SEGUNDA,VESPERTINO,VESPERTINO,TRANSPORTEDESEDIMENTOS,KIRINUS,,7_ECV
PONTAL,ECV,TARDE,1,7,TERCA,VESPERTINO,VESPERTINO,PLANOBRASCIVIS,DANIELA,,7_ECV
PONTAL,ECV,TARDE,2,7,TERCA,VESPERTINO,VESPERTINO,PLANOBRASCIVIS,DANIELA,,7_ECV
PONTAL,ECV,TARDE,3,7,TERCA,VESPERTINO,VESPERTINO,CONCRETOARMADOI,ROSSIGALI,,7_ECV
PONTAL,ECV,TARDE,4,7,TERCA,VESPERTINO,VESPERTINO,CONCRETOARMADOI,ROSSIGALI,,7_ECV
PONTAL,ECV,TARDE,5,7,TERCA,VESPERTINO,VESPERTINO,CONCRETOARMADOI,ROSSIGALI,,7_ECV
MIRASOL,ECV,TARDE,1,7,QUARTA,VESPERTINO,VESPERTINO,MECANICADEESTRUTURASI,ROSSIGALI,,7_ECV
MIRASOL,ECV,TARDE,2,7,QUARTA,VESPERTINO,VESPERTINO,MECANICADEESTRUTURASI,ROSSIGALI,,7_ECV
MIRASOL,ECV,TARDE,3,7,QUARTA,VESPERTINO,VESPERTINO,PROJETOHIDROSSANITARIO,ELIZABETE,,7_ECV
MIRASOL,ECV,TARDE,4,7,QUARTA,VESPERTINO,VESPERTINO,PROJETOHIDROSSANITARIO,ELIZABETE,,7_ECV
MIRASOL,ECV,TARDE,5,7,QUARTA,VESPERTINO,VESPERTINO,PROJETOHIDROSSANITARIO,ELIZABETE,,7_ECV
MIRASOL,ECV,TARDE,1,7,QUINTA,VESPERTINO,VESPERTINO,FUNDACOES,ELISANGELA,,7_ECV
MIRASOL,ECV,TARDE,3,7,QUINTA,VESPERTINO,VESPERTINO,MECANICADEESTRUTURASI,ROSSIGALI,,7_ECV
MIRASOL,ECV,TARDE,4,7,QUINTA,VESPERTINO,VESPERTINO,MECANICADEESTRUTURASI,ROSSIGALI,,7_ECV
MIRASOL,ECV,TARDE,5,7,QUINTA,VESPERTINO,VESPERTINO,CONCRETOARMADOI,ROSSIGALI,,7_ECV
PONTAL,ECV,TARDE,1,7,SEXTA,VESPERTINO,VESPERTINO,PLANEJAMENTOURBANOEREGIONAL,DANIEL,,7_ECV
PONTAL,ECV,TARDE,2,7,SEXTA,VESPERTINO,VESPERTINO,PLANEJAMENTOURBANOEREGIONAL,DANIEL,,7_ECV
PONTAL,ECV,TARDE,3,7,SEXTA,VESPERTINO,VESPERTINO,FUNDACOES,ELISANGELA,,7_ECV
PONTAL,ECV,TARDE,4,7,SEXTA,VESPERTINO,VESPERTINO,FUNDACOES,ELISANGELA,,7_ECV
PONTAL,ECV,TARDE,5,7,SEXTA,VESPERTINO,VESPERTINO,FUNDACOES,ELISANGELA,,7_ECV
PONTAL,ECV,TARDE,1,9,SEGUNDA,VESPERTINO,VESPERTINO,ENGENHARIADEAVALIACOES,BERNARDINO,,9_ECV
PONTAL,ECV,TARDE,2,9,SEGUNDA,VESPERTINO,VESPERTINO,ENGENHARIADEAVALIACOES,BERNARDINO,,9_ECV
PONTAL,ECV,TARDE,3,9,SEGUNDA,VESPERTINO,VESPERTINO,ANALISECOMPUTACIONALDEESTRUTURAS,HENRIQUE,,9_ECV
PONTAL,ECV,TARDE,4,9,SEGUNDA,VESPERTINO,VESPERTINO,ANALISECOMPUTACIONALDEESTRUTURAS,HENRIQUE,,9_ECV
PONTAL,ECV,TARDE,5,9,SEGUNDA,VESPERTINO,VESPERTINO,MODELAGEMHIDRODINAMICA,KIRINUS,,9_ECV
MIRASOL,ECV,TARDE,1,9,TERCA,VESPERTINO,VESPERTINO,MODELAGEMHIDRODINAMICA,KIRINUS,,9_ECV
MIRASOL,ECV,TARDE,2,9,TERCA,VESPERTINO,VESPERTINO,MODELAGEMHIDRODINAMICA,KIRINUS,,9_ECV
MIRASOL,ECV,TARDE,3,9,TERCA,VESPERTINO,VESPERTINO,MODELAGEMHIDRODINAMICA,KIRINUS,,9_ECV
MIRASOL,ECV,TARDE,4,9,TERCA,VESPERTINO,VESPERTINO,ANALISECOMPUTACIONALDEESTRUTURAS,HENRIQUE,,9_ECV
MIRASOL,ECV,TARDE,5,9,TERCA,VESPERTINO,VESPERTINO,ANALISECOMPUTACIONALDEESTRUTURAS,HENRIQUE,,9_ECV
PONTAL,ECV,TARDE,1,9,QUARTA,VESPERTINO,VESPERTINO,LEGISLAMBIENTAL,THIAGO,,9_ECV
PONTAL,ECV,TARDE,2,9,QUARTA,VESPERTINO,VESPERTINO,LEGISLAMBIENTAL,THIAGO,,9_ECV
PONTAL,ECV,TARDE,3,9,QUARTA,VESPERTINO,VESPERTINO,OBRASHIDRAULICASECOSTEIRASII,GUSTAVO,,9_ECV
PONTAL,ECV,TARDE,4,9,QUARTA,VESPERTINO,VESPERTINO,OBRASHIDRAULICASECOSTEIRASII,GUSTAVO,,9_ECV
PONTAL,ECV,TARDE,5,9,QUARTA,VESPERTINO,VESPERTINO,OBRASHIDRAULICASECOSTEIRASII,GUSTAVO,,9_ECV
MIRASOL,ECV,TARDE,1,9,QUINTA,VESPERTINO,VESPERTINO,PORTOSEVIASNAVEGAVEIS,GUSTAVO,,9_ECV
MIRASOL,ECV,TARDE,2,9,QUINTA,VESPERTINO,VESPERTINO,PORTOSEVIASNAVEGAVEIS,GUSTAVO,,9_ECV
MIRASOL,ECV,TARDE,3,9,QUINTA,VESPERTINO,VESPERTINO,ENGENHARIADETRAFEGOEMOBILIDADE,GUSTAVO,,9_ECV
MIRASOL,ECV,TARDE,4,9,QUINTA,VESPERTINO,VESPERTINO,ENGENHARIADETRAFEGOEMOBILIDADE,GUSTAVO,,9_ECV
MIRASOL,ECV,TARDE,5,9,QUINTA,VESPERTINO,VESPERTINO,ENGENHARIADETRAFEGOEMOBILIDADE,GUSTAVO,,9_ECV
PONTAL,ECV,TARDE,3,9,SEXTA,VESPERTINO,VESPERTINO,OBRASDESANEAMENTO,CAMILA,,9_ECV
PONTAL,ECV,TARDE,4,9,SEXTA,VESPERTINO,VESPERTINO,OBRASDESANEAMENTO,CAMILA,,9_ECV
PONTAL,ECV,TARDE,5,9,SEXTA,VESPERTINO,VESPERTINO,OBRASDESANEAMENTO,CAMILA,,9_ECV
MIRASOL,LCE,NOITE,1,1,SEGUNDA,NOTURNO,NOTURNO,QUIMICAILCE112,GUILHERME,,1_LCE
MIRASOL,LCE,NOITE,2,1,SEGUNDA,NOTURNO,NOTURNO,QUIMICAILCE112,GUILHERME,,1_LCE
MIRASOL,LCE,NOITE,3,1,SEGUNDA,NOTURNO,NOTURNO,QUIMICAILCE112,GUILHERME,,1_LCE
MIRASOL,LCE,NOITE,4,1,SEGUNDA,NOTURNO,NOTURNO,QUIMICAILCE112,GUILHERME,,1_LCE
MIRASOL,LCE,NOITE,1,1,TERCA,NOTURNO,NOTURNO,MATEMATICAELEMENTARLCE111,LUCIANA,,1_LCE
MIRASOL,LCE,NOITE,2,1,TERCA,NOTURNO,NOTURNO,MATEMATICAELEMENTARLCE111,LUCIANA,,1_LCE
MIRASOL,LCE,NOITE,3,1,TERCA,NOTURNO,NOTURNO,GEOMETRIAANALITICAPP002,LUCIANA,,1_LCE
MIRASOL,LCE,NOITE,4,1,TERCA,NOTURNO,NOTURNO,GEOMETRIAANALITICAPP002,LUCIANA,,1_LCE
MIRASOL,LCE,NOITE,1,1,QUARTA,NOTURNO,NOTURNO,FISICAIPP001,BATISTA,,1_LCE
MIRASOL,LCE,NOITE,2,1,QUARTA,NOTURNO,NOTURNO,FISICAIPP001,BATISTA,,1_LCE
MIRASOL,LCE,NOITE,3,1,QUARTA,NOTURNO,NOTURNO,FISICAIPP001,BATISTA,,1_LCE
MIRASOL,LCE,NOITE,4,1,QUARTA,NOTURNO,NOTURNO,FISICAIPP001,BATISTA,,1_LCE
MIRASOL,LCE,NOITE,1,1,QUINTA,NOTURNO,NOTURNO,MATEMATICAELEMENTARLCE111,LUCIANA,,1_LCE
MIRASOL,LCE,NOITE,2,1,QUINTA,NOTURNO,NOTURNO,MATEMATICAELEMENTARLCE111,LUCIANA,,1_LCE
MIRASOL,LCE,NOITE,3,1,QUINTA,NOTURNO,NOTURNO,FUNDAMENTOSDAEXTENSAOPP027,SELMA,,1_LCE
MIRASOL,LCE,NOITE,4,1,QUINTA,NOTURNO,NOTURNO,FUNDAMENTOSDAEXTENSAOPP027,SELMA,,1_LCE
MIRASOL,LCE,NOITE,1,1,SEXTA,NOTURNO,NOTURNO,FUNDAMENTOSDAEDUCACAOLCE113,ELIANE,,1_LCE
MIRASOL,LCE,NOITE,2,1,SEXTA,NOTURNO,NOTURNO,FUNDAMENTOSDAEDUCACAOLCE113,ELIANE,,1_LCE
MIRASOL,LCE,NOITE,3,1,SEXTA,NOTURNO,NOTURNO,PSICOLOGIADAEDUCACAOLCE114,ELIANE,,1_LCE
MIRASOL,LCE,NOITE,4,1,SEXTA,NOTURNO,NOTURNO,PSICOLOGIADAEDUCACAOLCE114,ELIANE,,1_LCE
MIRASOL,LCE,NOITE,1,3,SEGUNDA,NOTURNO,NOTURNO,ETICAEEDUCACAOLCE134,ELIANE,,3_LCE
MIRASOL,LCE,NOITE,2,3,SEGUNDA,NOTURNO,NOTURNO,ETICAEEDUCACAOLCE134,ELIANE,,3_LCE
MIRASOL,LCE,NOITE,3,3,SEGUNDA,NOTURNO,NOTURNO,CALCULOINTEGRALLCE131,BACALHAU,,3_LCE
MIRASOL,LCE,NOITE,4,3,SEGUNDA,NOTURNO,NOTURNO,CALCULOINTEGRALLCE131,BACALHAU,,3_LCE
MIRASOL,LCE,NOITE,1,3,TERCA,NOTURNO,NOTURNO,FISICAIIIPP005,BATISTA,,3_LCE
MIRASOL,LCE,NOITE,2,3,TERCA,NOTURNO,NOTURNO,FISICAIIIPP005,BATISTA,,3_LCE
MIRASOL,LCE,NOITE,3,3,TERCA,NOTURNO,NOTURNO,FISICAIIIPP005,BATISTA,,3_LCE
MIRASOL,LCE,NOITE,4,3,TERCA,NOTURNO,NOTURNO,FISICAIIIPP005,BATISTA,,3_LCE
MIRASOL,LCE,NOITE,1,3,QUARTA,NOTURNO,NOTURNO,QUIMICAIIILCE132,TALAL,,3_LCE
MIRASOL,LCE,NOITE,2,3,QUARTA,NOTURNO,NOTURNO,QUIMICAIIILCE132,TALAL,,3_LCE
MIRASOL,LCE,NOITE,3,3,QUARTA,NOTURNO,NOTURNO,QUIMICAIIILCE132,TALAL,,3_LCE
MIRASOL,LCE,NOITE,4,3,QUARTA,NOTURNO,NOTURNO,QUIMICAIIILCE132,TALAL,,3_LCE
MIRASOL,LCE,NOITE,1,3,QUINTA,NOTURNO,NOTURNO,COMPUTACAOIILCE133,ROGERIO,,3_LCE
MIRASOL,LCE,NOITE,2,3,QUINTA,NOTURNO,NOTURNO,COMPUTACAOIILCE133,ROGERIO,,3_LCE
MIRASOL,LCE,NOITE,3,3,QUINTA,NOTURNO,NOTURNO,CALCULOINTEGRALLCE131,BACALHAU,,3_LCE
MIRASOL,LCE,NOITE,4,3,QUINTA,NOTURNO,NOTURNO,CALCULOINTEGRALLCE131,BACALHAU,,3_LCE
MIRASOL,LCE,NOITE,1,3,SEXTA,NOTURNO,NOTURNO,METODOLOGIACIENTIFICALCE136,JEINNI,,3_LCE
MIRASOL,LCE,NOITE,2,3,SEXTA,NOTURNO,NOTURNO,HISTORIAFILOSOFIAEENSINOLCE135,JEINNI,,3_LCE
MIRASOL,LCEFISICA,NOITE,1,5,TERCA,NOTURNO,NOTURNO,FISICAEXPERIMENTALICEM347,EMIR,,5_LCEFISICA
MIRASOL,LCEFISICA,NOITE,2,5,TERCA,NOTURNO,NOTURNO,FISICAEXPERIMENTALICEM347,EMIR,,5_LCEFISICA
MIRASOL,LCEFISICA,NOITE,3,5,TERCA,NOTURNO,NOTURNO,FISICAEXPERIMENTALICEM347,EMIR,,5_LCEFISICA
MIRASOL,LCEFISICA,NOITE,4,5,TERCA,NOTURNO,NOTURNO,FISICAEXPERIMENTALICEM347,EMIR,,5_LCEFISICA
MIRASOL,LCEFISICA,NOITE,1,5,QUINTA,NOTURNO,NOTURNO,PRATICAPEDAGOGICADOENSINOCEM335,VALDIR,COMUM ENTRE LCE,5_LCEFISICA
MIRASOL,LCEFISICA,NOITE,2,5,QUINTA,NOTURNO,NOTURNO,PRATICAPEDAGOGICADOENSINOCEM335,VALDIR,COMUM ENTRE LCE,5_LCEFISICA
MIRASOL,LCEFISICA,NOITE,3,5,QUINTA,NOTURNO,NOTURNO,DIDATICADASCIENCIASCEM334,JEINNI,COMUM ENTRE LCE,5_LCEFISICA
MIRASOL,LCEFISICA,NOITE,4,5,QUINTA,NOTURNO,NOTURNO,DIDATICADASCIENCIASCEM334,JEINNI,COMUM ENTRE LCE,5_LCEFISICA
MIRASOL,LCEFISICA,NOITE,5,5,QUINTA,NOTURNO,NOTURNO,ESTAGIOCIENCIASICEM336,JEINNI,COMUM ENTRE LCE,5_LCEFISICA
MIRASOL,LCEFISICA,NOITE,3,5,SEXTA,NOTURNO,NOTURNO,DIVULGACAOCIENTIFICACEM326,ELIANE,COMUM ENTRE LCE,5_LCEFISICA
MIRASOL,LCEFISICA,NOITE,4,5,SEXTA,NOTURNO,NOTURNO,DIVULGACAOCIENTIFICACEM326,ELIANE,COMUM ENTRE LCE,5_LCEFISICA
MIRASOL,LCEFISICA,NOITE,5,5,SEXTA,NOTURNO,NOTURNO,ESTAGIOCIENCIASICEM336,JEINNI,COMUM ENTRE LCE,5_LCEFISICA
MIRASOL,LCEMATEMATICA,NOITE,1,5,TERCA,NOTURNO,NOTURNO,MATEMATICAVCEM306,BACALHAU,,5_LCEMATEMATICA
MIRASOL,LCEMATEMATICA,NOITE,2,5,TERCA,NOTURNO,NOTURNO,MATEMATICAVCEM306,BACALHAU,,5_LCEMATEMATICA
MIRASOL,LCEMATEMATICA,NOITE,3,5,TERCA,NOTURNO,NOTURNO,MATEMATICAVCEM306,BACALHAU,,5_LCEMATEMATICA
MIRASOL,LCEMATEMATICA,NOITE,4,5,TERCA,NOTURNO,NOTURNO,MATEMATICAVCEM306,BACALHAU,,5_LCEMATEMATICA
MIRASOL,LCEMATEMATICA,NOITE,1,5,QUARTA,NOTURNO,NOTURNO,GEOMETRIAECONSTRUCOESCEM319,ALEX,,5_LCEMATEMATICA
MIRASOL,LCEMATEMATICA,NOITE,2,5,QUARTA,NOTURNO,NOTURNO,GEOMETRIAECONSTRUCOESCEM319,ALEX,,5_LCEMATEMATICA
MIRASOL,LCEMATEMATICA,NOITE,3,5,QUARTA,NOTURNO,NOTURNO,GEOMETRIAECONSTRUCOESCEM319,ALEX,,5_LCEMATEMATICA
MIRASOL,LCEMATEMATICA,NOITE,4,5,QUARTA,NOTURNO,NOTURNO,GEOMETRIAECONSTRUCOESCEM319,ALEX,,5_LCEMATEMATICA
MIRASOL,LCEMATEMATICA,NOITE,1,5,QUINTA,NOTURNO,NOTURNO,PRATICAPEDAGOGICADOENSINOCEM335,VALDIR,COMUM ENTRE LCE,5_LCEMATEMATICA
MIRASOL,LCEMATEMATICA,NOITE,2,5,QUINTA,NOTURNO,NOTURNO,PRATICAPEDAGOGICADOENSINOCEM335,VALDIR,COMUM ENTRE LCE,5_LCEMATEMATICA
MIRASOL,LCEMATEMATICA,NOITE,3,5,QUINTA,NOTURNO,NOTURNO,DIDATICADASCIENCIASCEM334,JEINNI,COMUM ENTRE LCE,5_LCEMATEMATICA
MIRASOL,LCEMATEMATICA,NOITE,4,5,QUINTA,NOTURNO,NOTURNO,DIDATICADASCIENCIASCEM334,JEINNI,COMUM ENTRE LCE,5_LCEMATEMATICA
MIRASOL,LCEMATEMATICA,NOITE,5,5,QUINTA,NOTURNO,NOTURNO,ESTAGIOCIENCIASICEM336,JEINNI,COMUM ENTRE LCE,5_LCEMATEMATICA
MIRASOL,LCEMATEMATICA,NOITE,1,5,SEXTA,NOTURNO,NOTURNO,DIVULGACAOCIENTIFICACEM326,ELIANE,COMUM ENTRE LCE,5_LCEMATEMATICA
MIRASOL,LCEMATEMATICA,NOITE,2,5,SEXTA,NOTURNO,NOTURNO,DIVULGACAOCIENTIFICACEM326,ELIANE,COMUM ENTRE LCE,5_LCEMATEMATICA
MIRASOL,LCEMATEMATICA,NOITE,5,5,SEXTA,NOTURNO,NOTURNO,ESTAGIOCIENCIASICEM336,JEINNI,COMUM ENTRE LCE,5_LCEMATEMATICA
MIRASOL,LCEQUIMICA,NOITE,1,5,SEGUNDA,NOTURNO,NOTURNO,QUIMICAORGANICAICEM357,TALAL,,5_LCEQUIMICA
MIRASOL,LCEQUIMICA,NOITE,2,5,SEGUNDA,NOTURNO,NOTURNO,QUIMICAORGANICAICEM357,TALAL,,5_LCEQUIMICA
MIRASOL,LCEQUIMICA,NOITE,3,5,SEGUNDA,NOTURNO,NOTURNO,QUIMICAORGANICAICEM357,TALAL,,5_LCEQUIMICA
MIRASOL,LCEQUIMICA,NOITE,4,5,SEGUNDA,NOTURNO,NOTURNO,QUIMICAORGANICAICEM357,TALAL,,5_LCEQUIMICA
MIRASOL,LCEQUIMICA,NOITE,1,5,TERCA,NOTURNO,NOTURNO,QUIMICAANALITICAICEM358,PEDRO,,5_LCEQUIMICA
MIRASOL,LCEQUIMICA,NOITE,2,5,TERCA,NOTURNO,NOTURNO,QUIMICAANALITICAICEM358,PEDRO,,5_LCEQUIMICA
MIRASOL,LCEQUIMICA,NOITE,3,5,TERCA,NOTURNO,NOTURNO,QUIMICAANALITICAICEM358,PEDRO,,5_LCEQUIMICA
MIRASOL,LCEQUIMICA,NOITE,4,5,TERCA,NOTURNO,NOTURNO,QUIMICAANALITICAICEM358,PEDRO,,5_LCEQUIMICA
MIRASOL,LCEQUIMICA,NOITE,1,5,QUINTA,NOTURNO,NOTURNO,PRATICAPEDAGOGICADOENSINOCEM335,VALDIR,COMUM ENTRE LCE,5_LCEQUIMICA
MIRASOL,LCEQUIMICA,NOITE,2,5,QUINTA,NOTURNO,NOTURNO,PRATICAPEDAGOGICADOENSINOCEM335,VALDIR,COMUM ENTRE LCE,5_LCEQUIMICA
MIRASOL,LCEQUIMICA,NOITE,3,5,QUINTA,NOTURNO,NOTURNO,DIDATICADASCIENCIASCEM334,JEINNI,COMUM ENTRE LCE,5_LCEQUIMICA
MIRASOL,LCEQUIMICA,NOITE,4,5,QUINTA,NOTURNO,NOTURNO,DIDATICADASCIENCIASCEM334,JEINNI,COMUM ENTRE LCE,5_LCEQUIMICA
MIRASOL,LCEQUIMICA,NOITE,5,5,QUINTA,NOTURNO,NOTURNO,ESTAGIOCIENCIASICEM336,JEINNI,COMUM ENTRE LCE,5_LCEQUIMICA
MIRASOL,LCEQUIMICA,NOITE,1,5,SEXTA,NOTURNO,NOTURNO,DIVULGACAOCIENTIFICACEM326,ELIANE,COMUM ENTRE LCE,5_LCEQUIMICA
MIRASOL,LCEQUIMICA,NOITE,2,5,SEXTA,NOTURNO,NOTURNO,DIVULGACAOCIENTIFICACEM326,ELIANE,COMUM ENTRE LCE,5_LCEQUIMICA
MIRASOL,LCEQUIMICA,NOITE,5,5,SEXTA,NOTURNO,NOTURNO,ESTAGIOCIENCIASICEM336,JEINNI,COMUM ENTRE LCE,5_LCEQUIMICA
MIRASOL,LCEFISICA,NOITE,1,7,SEGUNDA,NOTURNO,NOTURNO,FISICAEXPERIMENTALIIICEM349,VALDIR,,7_LCEFISICA
MIRASOL,LCEFISICA,NOITE,2,7,SEGUNDA,NOTURNO,NOTURNO,FISICAEXPERIMENTALIIICEM349,VALDIR,,7_LCEFISICA
MIRASOL,LCEFISICA,NOITE,3,7,SEGUNDA,NOTURNO,NOTURNO,FISICAEXPERIMENTALIIICEM349,VALDIR,,7_LCEFISICA
MIRASOL,LCEFISICA,NOITE,4,7,SEGUNDA,NOTURNO,NOTURNO,FISICAEXPERIMENTALIIICEM349,VALDIR,,7_LCEFISICA
MIRASOL,LCEFISICA,NOITE,1,7,TERCA,NOTURNO,NOTURNO,FISICAMODERNAICEM352,CASSIO,,7_LCEFISICA
MIRASOL,LCEFISICA,NOITE,2,7,TERCA,NOTURNO,NOTURNO,FISICAMODERNAICEM352,CASSIO,,7_LCEFISICA
MIRASOL,LCEFISICA,NOITE,3,7,TERCA,NOTURNO,NOTURNO,FISICAMODERNAICEM352,CASSIO,,7_LCEFISICA
MIRASOL,LCEFISICA,NOITE,4,7,TERCA,NOTURNO,NOTURNO,FISICAMODERNAICEM352,CASSIO,,7_LCEFISICA
MIRASOL,LCEFISICA,NOITE,1,7,QUINTA,NOTURNO,NOTURNO,PRATICAPEDAGOGICADEFISICACEM355,VALDIR,,7_LCEFISICA
MIRASOL,LCEFISICA,NOITE,2,7,QUINTA,NOTURNO,NOTURNO,PRATICAPEDAGOGICADEFISICACEM355,VALDIR,,7_LCEFISICA
MIRASOL,LCEFISICA,NOITE,3,7,QUINTA,NOTURNO,NOTURNO,PRATICAPEDAGOGICADEFISICACEM355,VALDIR,,7_LCEFISICA
MIRASOL,LCEFISICA,NOITE,4,7,QUINTA,NOTURNO,NOTURNO,PRATICAPEDAGOGICADEFISICACEM355,VALDIR,,7_LCEFISICA
MIRASOL,LCEMATEMATICA,NOITE,1,7,SEGUNDA,NOTURNO,NOTURNO,TEORIADOSNUMEROSCEM322,BORGES,,7_LCEMATEMATICA
MIRASOL,LCEMATEMATICA,NOITE,2,7,SEGUNDA,NOTURNO,NOTURNO,TEORIADOSNUMEROSCEM322,BORGES,,7_LCEMATEMATICA
MIRASOL,LCEMATEMATICA,NOITE,3,7,SEGUNDA,NOTURNO,NOTURNO,ANALISECEM324,BORGES,,7_LCEMATEMATICA
MIRASOL,LCEMATEMATICA,NOITE,4,7,SEGUNDA,NOTURNO,NOTURNO,ANALISECEM324,BORGES,,7_LCEMATEMATICA
MIRASOL,LCEMATEMATICA,NOITE,1,7,QUARTA,NOTURNO,NOTURNO,TEORIADOSNUMEROSCEM322,BORGES,,7_LCEMATEMATICA
MIRASOL,LCEMATEMATICA,NOITE,2,7,QUARTA,NOTURNO,NOTURNO,TEORIADOSNUMEROSCEM322,BORGES,,7_LCEMATEMATICA
MIRASOL,LCEMATEMATICA,NOITE,3,7,QUARTA,NOTURNO,NOTURNO,ANALISECEM324,BORGES,,7_LCEMATEMATICA
MIRASOL,LCEMATEMATICA,NOITE,4,7,QUARTA,NOTURNO,NOTURNO,ANALISECEM324,BORGES,,7_LCEMATEMATICA
MIRASOL,LCEMATEMATICA,NOITE,1,7,QUINTA,NOTURNO,NOTURNO,PRATICAPEDAGOGICAMATEMATICAIICEM339,VALDIR,,7_LCEMATEMATICA
MIRASOL,LCEMATEMATICA,NOITE,2,7,QUINTA,NOTURNO,NOTURNO,PRATICAPEDAGOGICAMATEMATICAIICEM339,VALDIR,,7_LCEMATEMATICA
MIRASOL,LCEMATEMATICA,NOITE,3,7,QUINTA,NOTURNO,NOTURNO,PRATICAPEDAGOGICAMATEMATICAIICEM339,VALDIR,,7_LCEMATEMATICA
MIRASOL,LCEMATEMATICA,NOITE,4,7,QUINTA,NOTURNO,NOTURNO,PRATICAPEDAGOGICAMATEMATICAIICEM339,VALDIR,,7_LCEMATEMATICA
MIRASOL,LCEQUIMICA,NOITE,1,7,TERCA,NOTURNO,NOTURNO,PRATICAPEDAGOGICAQUIMICAIICEM362,GUILHERME,,7_LCEQUIMICA
MIRASOL,LCEQUIMICA,NOITE,2,7,TERCA,NOTURNO,NOTURNO,PRATICAPEDAGOGICAQUIMICAIICEM362,GUILHERME,,7_LCEQUIMICA
MIRASOL,LCEQUIMICA,NOITE,3,7,TERCA,NOTURNO,NOTURNO,PRATICAPEDAGOGICAQUIMICAIICEM362,GUILHERME,,7_LCEQUIMICA
MIRASOL,LCEQUIMICA,NOITE,4,7,TERCA,NOTURNO,NOTURNO,PRATICAPEDAGOGICAQUIMICAIICEM362,GUILHERME,,7_LCEQUIMICA
MIRASOL,LCEQUIMICA,NOITE,1,7,QUARTA,NOTURNO,NOTURNO,FISICOQUIMICACEM365,HARUMI,,7_LCEQUIMICA
MIRASOL,LCEQUIMICA,NOITE,2,7,QUARTA,NOTURNO,NOTURNO,FISICOQUIMICACEM365,HARUMI,,7_LCEQUIMICA
MIRASOL,LCEQUIMICA,NOITE,3,7,QUARTA,NOTURNO,NOTURNO,FISICOQUIMICACEM365,HARUMI,,7_LCEQUIMICA
MIRASOL,LCEQUIMICA,NOITE,4,7,QUARTA,NOTURNO,NOTURNO,FISICOQUIMICACEM365,HARUMI,,7_LCEQUIMICA
PONTAL,OCEANO,TARDE,1,1,SEGUNDA,VESPERTINO,INTEGRAL,INTRODUCAOAOCEANOGRAFIAQUIMICA,TATIANE,,1_OCEANO
PONTAL,OCEANO,TARDE,2,1,SEGUNDA,VESPERTINO,INTEGRAL,INTRODUCAOAOCEANOGRAFIAQUIMICA,TATIANE,,1_OCEANO
PONTAL,OCEANO,MANHA,1,1,TERCA,MATUTINO,INTEGRAL,INTRODUCAOAOCEANOGRAFIABIOLOGICA,BERSANO,,1_OCEANO
PONTAL,OCEANO,MANHA,2,1,TERCA,MATUTINO,INTEGRAL,INTRODUCAOAOCEANOGRAFIABIOLOGICA,HENRY,,1_OCEANO
PONTAL,OCEANO,MANHA,3,1,TERCA,MATUTINO,INTEGRAL,INTRODUCAOAOCEANOGRAFIAGEOLOGICA,LAMOUR,,1_OCEANO
PONTAL,OCEANO,MANHA,4,1,TERCA,MATUTINO,INTEGRAL,INTRODUCAOAOCEANOGRAFIAGEOLOGICA,LAMOUR,,1_OCEANO
PONTAL,OCEANO,TARDE,1,1,TERCA,VESPERTINO,INTEGRAL,INTRODUCAOAEXTENSAOUNIVERSITARIA,LILIAN,,1_OCEANO
PONTAL,OCEANO,TARDE,2,1,TERCA,VESPERTINO,INTEGRAL,INTRODUCAOAEXTENSAOUNIVERSITARIA,LILIAN,,1_OCEANO
PONTAL,OCEANO,MANHA,1,1,QUARTA,MATUTINO,INTEGRAL,ALGEBRALINEAR,CENDON,,1_OCEANO
PONTAL,OCEANO,MANHA,2,1,QUARTA,MATUTINO,INTEGRAL,ALGEBRALINEAR,CENDON,,1_OCEANO
PONTAL,OCEANO,MANHA,3,1,QUARTA,MATUTINO,INTEGRAL,ALGEBRALINEAR,CENDON,,1_OCEANO
PONTAL,OCEANO,TARDE,1,1,QUARTA,VESPERTINO,INTEGRAL,INTRODUCAOAAREASOCIOAMBIENTAL,LILIAN,,1_OCEANO
PONTAL,OCEANO,TARDE,2,1,QUARTA,VESPERTINO,INTEGRAL,INTRODUCAOAAREASOCIOAMBIENTAL,LILIAN,,1_OCEANO
PONTAL,OCEANO,MANHA,1,1,QUINTA,MATUTINO,INTEGRAL,CALCULODIFERENCIALEINTEGRALI,FARIA,,1_OCEANO
PONTAL,OCEANO,MANHA,2,1,QUINTA,MATUTINO,INTEGRAL,CALCULODIFERENCIALEINTEGRALI,FARIA,,1_OCEANO
PONTAL,OCEANO,MANHA,3,1,QUINTA,MATUTINO,INTEGRAL,CALCULODIFERENCIALEINTEGRALI,FARIA,,1_OCEANO
PONTAL,OCEANO,MANHA,4,1,QUINTA,MATUTINO,INTEGRAL,CALCULODIFERENCIALEINTEGRALI,FARIA,,1_OCEANO
PONTAL,OCEANO,MANHA,1,1,SEXTA,MATUTINO,INTEGRAL,GEOMETRIAANALITICA,CENDON,,1_OCEANO
PONTAL,OCEANO,MANHA,2,1,SEXTA,MATUTINO,INTEGRAL,GEOMETRIAANALITICA,CENDON,,1_OCEANO
PONTAL,OCEANO,MANHA,3,1,SEXTA,MATUTINO,INTEGRAL,GEOMETRIAANALITICA,CENDON,,1_OCEANO
PONTAL,OCEANO,TARDE,1,1,SEXTA,VESPERTINO,INTEGRAL,INTRODUCAOAOCEANOGRAFIAFISICA,DIANA,,1_OCEANO
PONTAL,OCEANO,TARDE,2,1,SEXTA,VESPERTINO,INTEGRAL,INTRODUCAOAOCEANOGRAFIAFISICA,DIANA,,1_OCEANO
PONTAL,OCEANO,MANHA,1,3,SEGUNDA,MATUTINO,INTEGRAL,DIVERSIDADEBIOLOGICAII,MAIKON,,3_OCEANO
PONTAL,OCEANO,MANHA,2,3,SEGUNDA,MATUTINO,INTEGRAL,DIVERSIDADEBIOLOGICAII,MAIKON,,3_OCEANO
PONTAL,OCEANO,TARDE,2,3,SEGUNDA,VESPERTINO,INTEGRAL,OCEANOGRAFIABIOLOGICAI,BERSANO,,3_OCEANO
PONTAL,OCEANO,TARDE,3,3,SEGUNDA,VESPERTINO,INTEGRAL,OCEANOGRAFIABIOLOGICAI,MAFRA,,3_OCEANO
PONTAL,OCEANO,TARDE,4,3,SEGUNDA,VESPERTINO,INTEGRAL,OCEANOGRAFIABIOLOGICAI,MAIKON,,3_OCEANO
PONTAL,OCEANO,MANHA,1,3,TERCA,MATUTINO,INTEGRAL,ECOLOGIAGERAL,SIMONE,,3_OCEANO
PONTAL,OCEANO,MANHA,2,3,TERCA,MATUTINO,INTEGRAL,ECOLOGIAGERAL,SIMONE,,3_OCEANO
PONTAL,OCEANO,MANHA,3,3,TERCA,MATUTINO,INTEGRAL,ECOLOGIAGERAL,MAIKON,,3_OCEANO
PONTAL,OCEANO,MANHA,4,3,TERCA,MATUTINO,INTEGRAL,ECOLOGIAGERAL,MAIKON,,3_OCEANO
PONTAL,OCEANO,TARDE,1,3,TERCA,VESPERTINO,INTEGRAL,ESTATISTICAEXPERIMENTAL,SANDRINI,,3_OCEANO
PONTAL,OCEANO,TARDE,2,3,TERCA,VESPERTINO,INTEGRAL,ESTATISTICAEXPERIMENTAL,SANDRINI,,3_OCEANO
PONTAL,OCEANO,TARDE,3,3,TERCA,VESPERTINO,INTEGRAL,CARTOGRAFIA,DIANA,,3_OCEANO
PONTAL,OCEANO,TARDE,4,3,TERCA,VESPERTINO,INTEGRAL,CARTOGRAFIA,DIANA,,3_OCEANO
PONTAL,OCEANO,TARDE,5,3,TERCA,VESPERTINO,INTEGRAL,CARTOGRAFIA,DIANA,,3_OCEANO
PONTAL,OCEANO,MANHA,1,3,QUARTA,MATUTINO,INTEGRAL,DIVERSIDADEBIOLOGICAII,BERSANO,,3_OCEANO
PONTAL,OCEANO,MANHA,2,3,QUARTA,MATUTINO,INTEGRAL,DIVERSIDADEBIOLOGICAII,HENRY,,3_OCEANO
PONTAL,OCEANO,MANHA,3,3,QUARTA,MATUTINO,INTEGRAL,DIVERSIDADEBIOLOGICAII,BELZ,,3_OCEANO
MIRASOL,OCEANO,TARDE,1,3,QUARTA,VESPERTINO,INTEGRAL,FISICAEXPERIMENTALII,EMIR,,3_OCEANO
MIRASOL,OCEANO,TARDE,2,3,QUARTA,VESPERTINO,INTEGRAL,FISICAEXPERIMENTALII,EMIR,,3_OCEANO
PONTAL,OCEANO,MANHA,1,3,QUINTA,MATUTINO,INTEGRAL,FISICAII,CENDON,,3_OCEANO
PONTAL,OCEANO,MANHA,2,3,QUINTA,MATUTINO,INTEGRAL,FISICAII,CENDON,,3_OCEANO
PONTAL,OCEANO,MANHA,3,3,QUINTA,MATUTINO,INTEGRAL,FISICAII,CENDON,,3_OCEANO
PONTAL,OCEANO,MANHA,4,3,QUINTA,MATUTINO,INTEGRAL,FISICAII,CENDON,,3_OCEANO
PONTAL,OCEANO,TARDE,1,3,QUINTA,VESPERTINO,INTEGRAL,QUIMICAI,HARUMI,,3_OCEANO
PONTAL,OCEANO,TARDE,2,3,QUINTA,VESPERTINO,INTEGRAL,QUIMICAI,HARUMI,,3_OCEANO
PONTAL,OCEANO,TARDE,3,3,QUINTA,VESPERTINO,INTEGRAL,QUIMICAI,HARUMI,,3_OCEANO
PONTAL,OCEANO,TARDE,4,3,QUINTA,VESPERTINO,INTEGRAL,QUIMICAI,HARUMI,,3_OCEANO
PONTAL,OCEANO,TARDE,1,5,SEGUNDA,VESPERTINO,INTEGRAL,OFICINADEPESQUISAIII,MAURICIO,,5_OCEANO
PONTAL,OCEANO,TARDE,2,5,SEGUNDA,VESPERTINO,INTEGRAL,OFICINADEPESQUISAIII,MAURICIO,,5_OCEANO
PONTAL,OCEANO,TARDE,3,5,SEGUNDA,VESPERTINO,INTEGRAL,OFICINADEPESQUISAIII,MAURICIO,,5_OCEANO
PONTAL,OCEANO,MANHA,1,5,TERCA,MATUTINO,INTEGRAL,OCEANOGRAFIAGEOLOGICA,LAMOUR,,5_OCEANO
PONTAL,OCEANO,MANHA,2,5,TERCA,MATUTINO,INTEGRAL,OCEANOGRAFIAGEOLOGICA,LAMOUR,,5_OCEANO
PONTAL,OCEANO,MANHA,3,5,TERCA,MATUTINO,INTEGRAL,OCEANOGRAFIAGEOLOGICA,LAMOUR,,5_OCEANO
PONTAL,OCEANO,MANHA,4,5,TERCA,MATUTINO,INTEGRAL,OCEANOGRAFIAGEOLOGICA,LAMOUR,,5_OCEANO
PONTAL,OCEANO,TARDE,1,5,TERCA,VESPERTINO,INTEGRAL,COMUNICACAOEDIVULGACAOCIENTIFICA,ERICA,,5_OCEANO
PONTAL,OCEANO,TARDE,2,5,TERCA,VESPERTINO,INTEGRAL,COMUNICACAOEDIVULGACAOCIENTIFICA,ERICA,,5_OCEANO
PONTAL,OCEANO,TARDE,3,5,TERCA,VESPERTINO,INTEGRAL,COMUNICACAOEDIVULGACAOCIENTIFICA,ERICA,,5_OCEANO
PONTAL,OCEANO,MANHA,1,5,QUARTA,MATUTINO,INTEGRAL,BIOQUIMICA,RODOLFO,,5_OCEANO
PONTAL,OCEANO,MANHA,2,5,QUARTA,MATUTINO,INTEGRAL,BIOQUIMICA,RODOLFO,,5_OCEANO
PONTAL,OCEANO,MANHA,3,5,QUARTA,MATUTINO,INTEGRAL,BIOQUIMICA,SACHSIDA,,5_OCEANO
PONTAL,OCEANO,MANHA,4,5,QUARTA,MATUTINO,INTEGRAL,BIOQUIMICA,SACHSIDA,,5_OCEANO
PONTAL,OCEANO,TARDE,1,5,QUINTA,VESPERTINO,INTEGRAL,ONDASEMARES,DIANA,,5_OCEANO
PONTAL,OCEANO,TARDE,2,5,QUINTA,VESPERTINO,INTEGRAL,ONDASEMARES,DIANA,,5_OCEANO
PONTAL,OCEANO,TARDE,3,5,QUINTA,VESPERTINO,INTEGRAL,ONDASEMARES,DIANA,,5_OCEANO
PONTAL,OCEANO,TARDE,4,5,QUINTA,VESPERTINO,INTEGRAL,ONDASEMARES,DIANA,,5_OCEANO
PONTAL,OCEANO,MANHA,1,5,SEXTA,MATUTINO,INTEGRAL,PLANEJAMENTOPARAOESPACOMARINHO,DANIEL,,5_OCEANO
PONTAL,OCEANO,MANHA,2,5,SEXTA,MATUTINO,INTEGRAL,PLANEJAMENTOPARAOESPACOMARINHO,DANIEL,,5_OCEANO
PONTAL,OCEANO,MANHA,3,5,SEXTA,MATUTINO,INTEGRAL,OCEANOGRAFIAFISICAI,DOURADO,,5_OCEANO
PONTAL,OCEANO,MANHA,4,5,SEXTA,MATUTINO,INTEGRAL,OCEANOGRAFIAFISICAI,DOURADO,,5_OCEANO
PONTAL,OCEANO,MANHA,2,7,TERCA,MATUTINO,INTEGRAL,ICTIOLOGIA,HENRY,,7_OCEANO
PONTAL,OCEANO,MANHA,3,7,TERCA,MATUTINO,INTEGRAL,ICTIOLOGIA,HENRY,,7_OCEANO
PONTAL,OCEANO,MANHA,4,7,TERCA,MATUTINO,INTEGRAL,ICTIOLOGIA,HENRY,,7_OCEANO
PONTAL,OCEANO,MANHA,1,7,QUARTA,MATUTINO,INTEGRAL,GEOQUIMICAMARINHA,TATIANE,,7_OCEANO
PONTAL,OCEANO,MANHA,2,7,QUARTA,MATUTINO,INTEGRAL,GEOQUIMICAMARINHA,TATIANE,,7_OCEANO
PONTAL,OCEANO,MANHA,3,7,QUARTA,MATUTINO,INTEGRAL,GEOQUIMICAMARINHA,TATIANE,,7_OCEANO
PONTAL,OCEANO,MANHA,4,7,QUARTA,MATUTINO,INTEGRAL,GEOQUIMICAMARINHA,TATIANE,,7_OCEANO
PONTAL,OCEANO,MANHA,1,7,QUINTA,MATUTINO,INTEGRAL,PROCESSOSECOLOGICOSEMAMBIENTES,ERICA,,7_OCEANO
PONTAL,OCEANO,MANHA,2,7,QUINTA,MATUTINO,INTEGRAL,PROCESSOSECOLOGICOSEMAMBIENTES,BERSANO,,7_OCEANO
PONTAL,OCEANO,MANHA,3,7,QUINTA,MATUTINO,INTEGRAL,PROCESSOSECOLOGICOSEMAMBIENTES,MAFRA,,7_OCEANO
PONTAL,OCEANO,MANHA,4,7,QUINTA,MATUTINO,INTEGRAL,PROCESSOSECOLOGICOSEMAMBIENTES,ERICA,,7_OCEANO
PONTAL,OCEANO,TARDE,1,7,SEGUNDA,VESPERTINO,INTEGRAL,OFICINADEPESQUISAIV,HENRY,,7_OCEANO
PONTAL,OCEANO,TARDE,2,7,SEGUNDA,VESPERTINO,INTEGRAL,OFICINADEPESQUISAIV,HENRY,,7_OCEANO
PONTAL,OCEANO,TARDE,3,7,SEGUNDA,VESPERTINO,INTEGRAL,OFICINADEPESQUISAIV,HENRY,,7_OCEANO
PONTAL,OCEANO,TARDE,1,7,TERCA,VESPERTINO,INTEGRAL,LEGISLACAOEMEIOAMBIENTE,THIAGO,,7_OCEANO
PONTAL,OCEANO,TARDE,2,7,TERCA,VESPERTINO,INTEGRAL,LEGISLACAOEMEIOAMBIENTE,THIAGO,,7_OCEANO
PONTAL,OCEANO,TARDE,3,7,TERCA,VESPERTINO,INTEGRAL,LEGISLACAOEMEIOAMBIENTE,THIAGO,,7_OCEANO
PONTAL,OCEANO,TARDE,4,7,TERCA,VESPERTINO,INTEGRAL,LEGISLACAOEMEIOAMBIENTE,THIAGO,,7_OCEANO
PONTAL,OCEANO,TARDE,1,7,QUARTA,VESPERTINO,INTEGRAL,RECURSOSMINERAISMARINHOS,LAMOUR,,7_OCEANO
PONTAL,OCEANO,TARDE,2,7,QUARTA,VESPERTINO,INTEGRAL,RECURSOSMINERAISMARINHOS,LAMOUR,,7_OCEANO
PONTAL,OCEANO,TARDE,3,7,QUARTA,VESPERTINO,INTEGRAL,RECURSOSMINERAISMARINHOS,LAMOUR,,7_OCEANO
PONTAL,OCEANO,TARDE,1,7,QUINTA,VESPERTINO,INTEGRAL,GERENCIAMENTOCOSTEIRO,DANIEL,,7_OCEANO
PONTAL,OCEANO,TARDE,2,7,QUINTA,VESPERTINO,INTEGRAL,GERENCIAMENTOCOSTEIRO,DANIEL,,7_OCEANO
PONTAL,OCEANO,TARDE,3,7,QUINTA,VESPERTINO,INTEGRAL,GERENCIAMENTOCOSTEIRO,DANIEL,,7_OCEANO
PONTAL,OCEANO,TARDE,4,7,QUINTA,VESPERTINO,INTEGRAL,GERENCIAMENTOCOSTEIRO,DANIEL,,7_OCEANO
PONTAL,OCEANO,MANHA,1,9,SEGUNDA,MATUTINO,INTEGRAL,OCEANOGRAFIAPORSATELITE,MAURICIO,,9_OCEANO
PONTAL,OCEANO,MANHA,2,9,SEGUNDA,MATUTINO,INTEGRAL,OCEANOGRAFIAPORSATELITE,MAURICIO,,9_OCEANO
PONTAL,OCEANO,MANHA,3,9,SEGUNDA,MATUTINO,INTEGRAL,OCEANOGRAFIAPORSATELITE,MAURICIO,,9_OCEANO
PONTAL,OCEANO,MANHA,4,9,SEGUNDA,MATUTINO,INTEGRAL,OCEANOGRAFIAPORSATELITE,MAURICIO,,9_OCEANO
PONTAL,OCEANO,MANHA,1,9,TERCA,MATUTINO,INTEGRAL,INTERACAOOCEANOATMOSFERA,DOURADO,,9_OCEANO
PONTAL,OCEANO,MANHA,2,9,TERCA,MATUTINO,INTEGRAL,INTERACAOOCEANOATMOSFERA,DOURADO,,9_OCEANO
PONTAL,OCEANO,MANHA,1,9,QUARTA,MATUTINO,INTEGRAL,MEIOAMBIENTEEDESENVOLVIMENTOII,MANUELA,,9_OCEANO
PONTAL,OCEANO,MANHA,2,9,QUARTA,MATUTINO,INTEGRAL,MEIOAMBIENTEEDESENVOLVIMENTOII,MANUELA,,9_OCEANO
PONTAL,OCEANO,MANHA,3,9,QUARTA,MATUTINO,INTEGRAL,MEIOAMBIENTEEDESENVOLVIMENTOII,MANUELA,,9_OCEANO
PONTAL,OCEANO,MANHA,1,9,QUINTA,MATUTINO,INTEGRAL,MEIOAMBIENTEEDESENVOLVIMENTOII,MANUELA,,9_OCEANO
PONTAL,OCEANO,MANHA,2,9,QUINTA,MATUTINO,INTEGRAL,MEIOAMBIENTEEDESENVOLVIMENTOII,MANUELA,,9_OCEANO
PONTAL,OCEANO,MANHA,3,9,QUINTA,MATUTINO,INTEGRAL,INTRODUCAOAAQUICULTURA,LUCIENE,,9_OCEANO
PONTAL,OCEANO,MANHA,4,9,QUINTA,MATUTINO,INTEGRAL,INTRODUCAOAAQUICULTURA,LUCIENE,,9_OCEANO
PONTAL,OCEANO,MANHA,1,9,SEXTA,MATUTINO,INTEGRAL,INTERACAOOCEANOATMOSFERA,DOURADO,,9_OCEANO
PONTAL,OCEANO,MANHA,2,9,SEXTA,MATUTINO,INTEGRAL,INTERACAOOCEANOATMOSFERA,DOURADO,,9_OCEANO
PONTAL,OCEANO,MANHA,3,9,SEXTA,MATUTINO,INTEGRAL,ICTIOPLANCTON,HENRY,,9_OCEANO
PONTAL,OCEANO,MANHA,4,9,SEXTA,MATUTINO,INTEGRAL,ICTIOPLANCTON,HENRY,,9_OCEANO
PONTAL,OCEANO,TARDE,1,9,TERCA,VESPERTINO,INTEGRAL,GASESDISOLVIDOSEACIDIFICACAO,TATIANE,,9_OCEANO
PONTAL,OCEANO,TARDE,2,9,TERCA,VESPERTINO,INTEGRAL,GASESDISOLVIDOSEACIDIFICACAO,TATIANE,,9_OCEANO
PONTAL,OCEANO,TARDE,3,9,TERCA,VESPERTINO,INTEGRAL,GASESDISOLVIDOSEACIDIFICACAO,TATIANE,,9_OCEANO
PONTAL,OCEANO,TARDE,4,9,TERCA,VESPERTINO,INTEGRAL,GASESDISOLVIDOSEACIDIFICACAO,TATIANE,,9_OCEANO
PONTAL,OCEANO,TARDE,1,9,QUARTA,VESPERTINO,INTEGRAL,INTRODUCAOAMODELAGEMDEPROCESSOS,DOURADO,,9_OCEANO
PONTAL,OCEANO,TARDE,2,9,QUARTA,VESPERTINO,INTEGRAL,INTRODUCAOAMODELAGEMDEPROCESSOS,DOURADO,,9_OCEANO
PONTAL,OCEANO,TARDE,1,9,QUINTA,VESPERTINO,INTEGRAL,INTRODUCAOAMODELAGEMDEPROCESSOS,DOURADO,,9_OCEANO
PONTAL,OCEANO,TARDE,2,9,QUINTA,VESPERTINO,INTEGRAL,INTRODUCAOAMODELAGEMDEPROCESSOS,DOURADO,,9_OCEANO
